time,open,high,low,close,tick_volume,spread,real_volume
2025-05-27,3343.0,3350.02,3285.28,3300.1,327250,7,0
2025-05-28,3301.63,3325.54,3276.15,3286.24,311975,7,0
2025-05-29,3286.2,3331.26,3245.55,3317.33,380291,7,0
2025-05-30,3318.76,3322.77,3271.48,3288.56,320241,7,0
2025-06-02,3298.89,3382.82,3295.88,3381.58,319939,7,0
2025-06-03,3383.24,3392.19,3333.1,3353.18,296590,7,0
2025-06-04,3354.05,3384.71,3343.81,3373.96,295409,7,0
2025-06-05,3373.35,3403.66,3339.5,3352.51,383904,7,0
2025-06-06,3354.28,3375.64,3307.14,3311.92,369570,7,0
2025-06-09,3311.09,3338.23,3293.29,3325.53,284454,7,0
2025-06-10,3325.95,3349.2,3301.68,3322.55,287975,7,0
2025-06-11,3322.53,3360.71,3315.51,3355.32,320898,7,0
2025-06-12,3356.41,3398.95,3338.61,3385.66,369826,7,0
2025-06-13,3386.42,3446.75,3379.6,3434.0,420129,7,0
2025-06-16,3451.58,3451.58,3382.88,3384.62,335350,7,0
2025-06-17,3386.8,3403.32,3366.16,3388.49,335013,7,0
2025-06-18,3390.73,3400.1,3362.62,3368.38,306699,7,0
2025-06-19,3369.19,3388.03,3347.54,3373.4,226020,7,0
2025-06-20,3369.96,3374.52,3340.36,3368.57,258816,7,0
2025-06-23,3389.68,3396.86,3347.05,3368.56,323949,7,0
2025-06-24,3368.38,3369.99,3295.42,3322.98,344604,7,0
2025-06-25,3324.5,3337.23,3311.93,3332.26,221506,7,0
2025-06-26,3332.27,3350.34,3309.91,3328.23,254683,7,0
2025-06-27,3327.5,3328.01,3255.86,3275.03,336414,7,0
2025-06-30,3273.06,3309.57,3247.74,3303.13,243448,7,0
2025-07-01,3303.69,3358.06,3302.43,3338.9,269983,7,0
2025-07-02,3338.75,3360.09,3327.62,3357.09,220173,7,0
2025-07-03,3357.31,3365.76,3311.62,3326.49,219273,7,0
2025-07-04,3325.71,3345.13,3323.62,3335.01,110211,7,0
2025-07-07,3334.45,3342.84,3296.35,3336.23,251505,7,0
2025-07-08,3339.16,3345.89,3287.14,3301.45,242309,7,0
2025-07-09,3302.09,3316.88,3282.7,3313.68,206531,7,0
2025-07-10,3314.05,3330.33,3310.13,3324.35,189814,7,0
2025-07-11,3324.43,3368.8,3321.88,3355.11,240951,7,0
2025-07-14,3362.76,3375.0,3341.08,3342.33,226367,7,0
2025-07-15,3344.01,3366.46,3320.25,3325.08,212257,7,0
2025-07-16,3324.79,3377.61,3319.73,3347.47,294025,7,0
2025-07-17,3347.65,3352.25,3309.82,3338.6,213754,7,0
2025-07-18,3340.44,3361.23,3331.81,3350.06,181682,7,0
2025-07-21,3349.11,3401.54,3344.98,3397.5,222380,7,0
2025-07-22,3396.81,3433.51,3383.37,3430.82,241631,7,0
2025-07-23,3431.59,3438.85,3381.55,3386.58,287036,7,0
2025-07-24,3388.31,3393.42,3351.43,3368.17,242606,7,0
2025-07-25,3368.46,3373.55,3325.05,3336.59,205636,7,0
2025-07-28,3318.94,3345.36,3301.74,3314.78,225081,7,0
2025-07-29,3315.02,3334.18,3308.08,3326.3,236130,7,0
2025-07-30,3326.66,3334.05,3268.11,3275.08,251133,7,0
2025-07-31,3276.65,3314.87,3273.85,3290.12,239583,7,0
2025-08-01,3290.31,3363.31,3281.62,3362.28,317387,7,0
2025-08-04,3365.73,3385.49,3345.1,3373.48,233459,7,0
2025-08-05,3374.55,3390.49,3349.99,3380.81,217427,7,0
2025-08-06,3380.95,3385.39,3358.24,3368.88,207393,7,0
2025-08-07,3369.06,3402.11,3365.42,3395.96,346811,7,0
2025-08-08,3403.13,3408.52,3375.45,3396.62,572191,7,0
2025-08-11,3397.88,3405.19,3341.17,3342.45,313524,7,0
2025-08-12,3343.1,3359.31,3330.95,3347.98,286845,7,0
2025-08-13,3349.13,3370.81,3342.73,3355.72,206155,7,0
2025-08-14,3357.12,3374.74,3329.85,3335.15,277121,7,0
2025-08-15,3336.27,3348.79,3332.26,3335.74,199020,7,0
2025-08-18,3336.65,3358.45,3323.55,3332.61,182303,7,0
2025-08-19,3333.79,3345.32,3314.97,3315.32,179339,7,0
2025-08-20,3316.27,3350.27,3311.55,3348.01,181995,7,0
2025-08-21,3349.45,3352.28,3325.23,3338.78,177454,7,0
2025-08-22,3339.19,3378.8,3321.53,3371.19,219314,7,0
2025-08-25,3371.87,3376.32,3359.78,3365.45,133037,7,0
2025-08-26,3365.6,3393.59,3351.3,3393.4,239557,7,0
2025-08-27,3393.5,3398.87,3373.77,3396.97,204363,7,0
2025-08-28,3398.13,3423.21,3384.61,3416.93,235249,7,0
2025-08-29,3416.61,3454.02,3404.27,3448.7,276402,7,0
2025-09-01,3446.31,3489.91,3437.12,3476.64,248700,7,0
2025-09-02,3478.1,3540.08,3470.11,3533.99,447434,7,0
2025-09-03,3533.3,3578.55,3526.29,3559.73,389943,7,0
2025-09-04,3560.64,3564.12,3511.56,3545.68,356781,7,0
2025-09-05,3547.57,3600.16,3540.17,3586.58,400452,7,0
2025-09-08,3581.17,3646.49,3577.78,3635.29,354141,7,0
2025-09-09,3636.34,3675.08,3626.64,3626.84,398515,7,0
2025-09-10,3620.67,3657.65,3619.25,3640.0,306597,7,0
2025-09-11,3642.42,3649.06,3612.53,3633.59,318615,7,0
2025-09-12,3634.05,3656.69,3630.56,3642.37,236699,7,0
2025-09-15,3644.22,3685.65,3626.51,3678.98,250286,7,0
2025-09-16,3681.96,3703.19,3674.63,3690.12,305900,7,0
2025-09-17,3690.79,3707.58,3646.1,3659.57,434289,7,0
2025-09-18,3659.07,3673.04,3628.08,3643.97,277701,7,0
2025-09-19,3641.27,3685.3,3632.34,3685.1,173281,7,0
2025-09-22,3685.21,3748.81,3683.77,3747.05,246646,7,0
2025-09-23,3745.41,3791.13,3736.78,3763.96,271079,7,0
2025-09-24,3767.86,3779.28,3717.58,3736.46,240714,7,0
2025-09-25,3727.06,3761.56,3722.15,3749.58,256209,7,0
2025-09-26,3748.45,3783.79,3734.58,3760.75,271176,7,0
2025-09-29,3759.61,3834.04,3756.76,3833.97,307631,7,0
2025-09-30,3833.51,3871.7,3793.21,3858.96,303790,7,0
2025-10-01,3861.1,3895.32,3853.47,3864.59,285105,7,0
2025-10-02,3869.24,3896.81,3819.48,3855.37,262417,7,0
2025-10-03,3856.48,3891.67,3838.06,3886.75,261872,7,0
2025-10-06,3888.65,3970.1,3884.17,3961.15,346412,7,0
2025-10-07,3959.79,3991.05,3940.93,3984.5,347861,7,0
2025-10-08,3985.19,4059.23,3983.26,4041.62,343507,7,0
2025-10-09,4042.93,4057.96,3944.91,3976.19,395950,7,0
2025-10-10,3962.81,4022.84,3947.12,4012.06,398214,7,0
2025-10-13,4001.29,4117.01,3995.51,4111.42,351670,7,0
2025-10-14,4111.11,4179.67,4090.55,4143.71,397009,7,0
2025-10-15,4143.55,4218.21,4140.68,4208.29,350863,7,0
2025-10-16,4209.57,4330.74,4199.72,4329.17,365213,8,0
2025-10-17,4339.51,4379.43,4186.37,4252.69,453165,8,0
2025-10-20,4253.57,4381.44,4219.06,4355.94,392688,9,0
2025-10-21,4360.83,4375.46,4081.93,4125.47,418636,9,0
2025-10-22,4123.24,4161.33,4004.55,4098.16,416256,7,0
2025-10-23,4094.64,4154.76,4066.06,4125.69,303019,7,0
2025-10-24,4129.58,4144.49,4044.22,4112.65,278870,7,0
2025-10-27,4078.8,4109.24,3971.61,3982.49,319252,7,0
2025-10-28,3985.56,4019.71,3886.65,3952.21,302449,7,0
2025-10-29,3949.33,4030.19,3917.77,3928.71,322410,7,0
2025-10-30,3926.23,4027.19,3914.34,4024.84,332682,7,0
2025-10-31,4022.83,4046.24,3972.25,4001.61,300289,7,0
2025-11-03,3989.51,4030.61,3962.64,4000.63,262069,7,0
2025-11-04,4002.27,4005.81,3928.77,3932.04,267293,7,0
2025-11-05,3934.12,3990.55,3929.54,3979.15,218226,7,0
2025-11-06,3976.88,4019.61,3964.59,3977.17,217436,7,0
2025-11-07,3981.36,4027.53,3974.48,4000.25,208121,7,0
2025-11-10,3998.73,4116.6,3996.64,4115.58,240620,7,0
2025-11-11,4114.52,4149.02,4097.14,4126.29,224114,7,0
2025-11-12,4127.49,4211.75,4098.91,4194.28,286226,7,0
2025-11-13,4196.18,4245.05,4145.45,4171.19,322005,7,0
2025-11-14,4171.97,4211.27,4032.29,4084.64,342394,7,0
2025-11-17,4084.61,4106.72,4006.95,4045.66,289596,7,0
2025-11-18,4048.02,4082.37,3998.08,4067.37,294401,7,0
2025-11-19,4066.79,4132.82,4055.67,4077.93,291897,7,0
2025-11-20,4076.7,4110.26,4038.98,4077.08,324803,7,0
2025-11-21,4074.71,4101.06,4022.55,4065.01,325254,7,0
2025-11-24,4069.15,4140.03,4040.09,4133.95,244807,7,0
2025-11-25,4133.01,4159.33,4109.69,4130.37,270391,7,0
2025-11-26,4134.61,4173.44,4129.83,4163.93,223336,7,0
2025-11-27,4163.32,4168.75,4142.71,4157.35,151937,7,0
2025-11-28,4155.55,4226.63,4155.55,4219.05,143235,7,0
2025-12-01,4220.13,4264.55,4205.52,4232.08,401249,7,0
2025-12-02,4231.53,4236.03,4163.76,4205.72,341013,7,0
2025-12-03,4206.69,4241.67,4194.56,4202.82,351692,7,0
2025-12-04,4220.28,4220.28,4175.21,4208.65,369392,7,0
2025-12-05,4207.48,4259.35,4192.05,4199.12,358485,7,0
2025-12-08,4196.01,4219.0,4176.39,4190.65,393248,7,0
2025-12-09,4190.17,4221.3,4170.13,4208.47,406649,7,0
2025-12-10,4207.45,4238.79,4181.87,4228.58,405127,7,0
2025-12-11,4228.2,4285.9,4204.26,4280.08,410970,7,0
2025-12-12,4280.53,4353.58,4257.75,4300.11,438582,7,0
2025-12-15,4299.18,4350.34,4285.46,4305.45,418490,7,0
2025-12-16,4304.33,4335.06,4271.64,4302.32,429398,7,0
2025-12-17,4302.56,4349.0,4301.56,4338.57,432935,7,0
2025-12-18,4337.5,4374.63,4308.69,4332.41,426949,7,0
2025-12-19,4334.29,4356.52,4309.35,4338.53,367647,7,0
2025-12-22,4339.16,4449.27,4338.12,4443.76,361661,7,0
2025-12-23,4447.71,4499.87,4430.53,4485.16,406711,8,0
2025-12-24,4485.59,4525.83,4448.43,4479.57,376680,8,0
2025-12-26,4499.57,4549.92,4483.63,4531.13,449676,8,0
2025-12-29,4536.54,4549.84,4302.99,4331.66,503499,8,0
2025-12-30,4332.49,4404.35,4323.51,4338.7,466108,8,0
2025-12-31,4339.97,4373.28,4274.48,4318.73,459307,8,0
2026-01-02,4326.7,4402.32,4310.01,4332.94,415754,8,0
2026-01-05,4361.3,4455.81,4345.75,4449.02,458331,8,0
2026-01-06,4448.18,4497.37,4428.08,4494.62,431556,8,0
2026-01-07,4495.58,4500.52,4423.53,4455.76,446003,8,0
2026-01-08,4458.85,4479.52,4407.76,4477.39,451570,8,0
2026-01-09,4481.27,4517.16,4452.95,4509.52,403588,8,0
2026-01-12,4518.93,4630.23,4512.96,4596.9,465417,8,0
2026-01-13,4597.27,4634.71,4569.87,4586.63,439138,8,0
2026-01-14,4588.39,4642.97,4587.26,4626.05,464150,8,0
2026-01-15,4630.62,4632.62,4581.25,4615.57,469528,8,0
2026-01-16,4616.45,4620.9,4536.75,4595.85,430941,8,0
2026-01-19,4628.22,4690.77,4620.22,4670.92,341145,9,0
2026-01-20,4672.44,4766.3,4659.56,4763.17,276330,8,0
2026-01-21,4764.44,4888.33,4755.71,4828.83,277963,9,0
2026-01-22,4831.1,4940.72,4772.33,4936.2,230460,10,0
2026-01-23,4942.18,4989.74,4899.67,4987.1,244416,10,0
2026-01-26,5006.29,5111.13,4990.13,5008.66,503053,10,0
2026-01-27,5013.41,5190.46,5012.82,5180.95,538678,10,0
2026-01-28,5179.66,5417.58,5157.41,5417.42,571760,10,0
2026-01-29,5415.79,5598.61,5102.71,5377.9,632985,10,0
2026-01-30,5386.99,5450.95,4691.37,4885.55,637451,10,0
2026-02-02,4809.66,4884.48,4402.98,4658.41,563438,10,0
2026-02-03,4670.51,4993.87,4665.96,4946.45,502157,10,0
2026-02-04,4945.85,5091.85,4854.29,4965.2,454211,10,0
2026-02-05,4965.58,5023.82,4759.79,4776.55,516048,10,0
2026-02-06,4789.7,4971.48,4655.22,4966.01,439628,10,0
2026-02-09,4983.79,5086.67,4965.13,5060.3,399495,10,0
2026-02-10,5060.87,5078.64,4987.88,5022.9,388122,10,0
2026-02-11,5027.08,5119.17,5019.04,5082.74,381153,10,0
2026-02-12,5085.14,5099.96,4878.62,4922.08,386186,10,0
2026-02-13,4929.99,5046.11,4888.11,5043.31,358939,10,0
2026-02-16,5037.74,5052.31,4966.54,4993.32,216988,10,0
2026-02-17,4995.41,5000.85,4842.2,4878.15,336736,10,0
2026-02-18,4879.28,5010.95,4854.33,4976.36,280372,10,0
2026-02-19,4976.92,5022.28,4960.69,4996.3,280020,10,0
2026-02-20,4997.18,5108.08,4981.76,5108.08,303662,10,0
2026-02-23,5109.76,5237.85,5099.27,5227.92,339773,10,0
2026-02-24,5227.62,5249.75,5093.83,5144.86,342947,10,0
2026-02-25,5143.82,5217.6,5121.59,5169.17,319365,10,0
2026-02-26,5166.12,5205.5,5130.43,5184.9,336318,10,0
2026-02-27,5184.28,5281.2,5167.03,5280.19,337322,10,0
2026-03-02,5301.68,5419.28,5260.67,5322.43,550390,10,0
2026-03-03,5315.41,5379.89,4996.14,5090.31,595459,10,0
2026-03-04,5101.76,5206.1,5084.75,5139.25,541367,10,0
2026-03-05,5146.32,5194.94,5051.1,5083.3,520596,10,0
2026-03-06,5083.46,5174.99,5063.0,5174.78,491664,10,0
2026-03-09,5180.32,5198.4,5015.01,5137.42,565408,10,0
2026-03-10,5140.1,5238.57,5117.82,5192.77,492034,10,0
2026-03-11,5187.12,5223.16,5149.35,5177.2,431323,10,0
2026-03-12,5179.02,5191.75,5055.12,5079.79,463725,10,0
2026-03-13,5080.42,5128.46,5009.74,5018.76,466732,10,0
2026-03-16,5005.99,5037.96,4967.74,5006.45,477432,10,0
2026-03-17,5007.65,5044.58,4973.62,5003.43,397029,10,0
2026-03-18,5005.91,5016.35,4806.98,4818.64,436546,10,0
2026-03-19,4825.14,4867.23,4502.61,4657.69,572490,10,0
2026-03-20,4651.12,4735.77,4477.34,4498.06,553206,10,0
2026-03-23,4469.06,4536.26,4098.9,4406.82,695219,10,0
2026-03-24,4414.01,4484.08,4306.12,4476.78,647620,10,0
2026-03-25,4472.11,4602.59,4456.08,4505.76,554644,10,0
2026-03-26,4510.79,4544.45,4351.16,4380.84,574038,10,0
2026-03-27,4377.69,4555.38,4375.59,4495.58,506179,10,0
2026-03-30,4493.21,4580.84,4420.14,4511.13,547146,10,0
2026-03-31,4513.54,4687.23,4482.71,4668.23,557748,10,0
2026-04-01,4671.52,4792.97,4661.79,4756.81,516584,10,0
2026-04-02,4757.34,4800.38,4554.13,4675.72,557553,10,0
2026-04-06,4671.96,4706.6,4600.81,4649.85,463423,10,0
2026-04-07,4651.27,4718.7,4607.55,4706.35,520815,10,0
2026-04-08,4719.65,4857.68,4699.59,4719.6,535468,10,0
2026-04-09,4720.19,4801.2,4698.61,4765.0,465886,13,0
2026-04-10,4766.81,4795.04,4730.92,4749.46,431849,13,0
2026-04-13,4633.48,4750.09,4633.48,4741.1,473211,13,0
2026-04-14,4744.75,4846.3,4744.38,4840.63,439656,13,0
2026-04-15,4840.52,4871.39,4786.37,4791.2,447516,13,0
2026-04-16,4794.52,4838.33,4773.15,4790.08,429879,13,0
2026-04-17,4791.96,4889.36,4767.81,4832.52,430399,13,0
2026-04-20,4767.09,4827.63,4737.11,4820.62,445764,10,0
2026-04-21,4822.3,4833.02,4668.32,4718.81,454648,11,0
2026-04-22,4721.11,4772.34,4715.65,4739.45,408393,10,0
2026-04-23,4742.12,4753.58,4664.26,4692.94,489977,10,0
2026-04-24,4701.01,4740.31,4657.82,4707.4,457874,10,0
2026-04-27,4697.32,4730.04,4667.23,4679.9,411757,10,0
2026-04-28,4683.82,4701.42,4554.96,4596.48,465549,11,0
2026-04-29,4598.43,4610.34,4510.25,4543.51,471052,10,0
2026-04-30,4545.6,4646.88,4539.32,4620.62,476907,12,0
2026-05-01,4626.58,4660.2,4560.32,4615.6,391263,10,0
2026-05-04,4632.88,4637.82,4500.73,4523.21,444349,10,0
2026-05-05,4523.95,4586.6,4513.65,4556.26,363959,11,0
2026-05-06,4560.38,4722.95,4546.34,4690.66,454015,13,0
2026-05-07,4692.91,4764.78,4685.31,4688.42,472491,10,0
2026-05-08,4679.08,4749.4,4676.93,4715.72,416961,12,0
2026-05-11,4683.48,4748.52,4648.17,4735.15,421024,13,0
2026-05-12,4735.87,4773.54,4638.39,4715.08,456746,10,0
2026-05-13,4715.97,4726.89,4669.53,4688.68,432583,10,0
2026-05-14,4691.96,4718.89,4644.39,4651.19,449920,10,0
2026-05-15,4652.87,4665.36,4511.8,4538.63,534973,13,0
2026-05-18,4538.7,4584.25,4480.35,4566.18,529052,10,0
2026-05-19,4567.89,4589.27,4464.98,4481.95,472470,13,0
2026-05-20,4482.96,4552.75,4453.64,4543.83,486951,10,0
2026-05-21,4545.63,4570.73,4488.64,4542.62,489944,10,0
2026-05-22,4544.91,4546.04,4491.88,4508.01,430286,10,0
2026-05-25,4530.9,4579.94,4530.9,4570.86,312161,13,0
2026-05-26,4570.18,4580.16,4512.13,4534.27,218957,10,0
